A,훈석,
A,훈석,
A,훈석,
A,훈석,
A,훈석,
A,훈석,
A,훈석,
A,훈석,
A,훈석,
A,훈석,
A,훈석,
A,훈석,
A,정우,각도
A,정우,각도
A,정우,각도
A,정우,각도
A,정우,각도
A,정우,각도
A,정우,각도
A,정우,각도
A,정우,각도
A,정우,각도
A,정우,각도
A,훈석,
A,훈석,
A,훈석,
A,훈석,
A,훈석,
A,훈석,
A,훈석,
A,훈석,
A,훈석,
A,훈석,
A,훈석,
A,훈석,
A,훈석,
A,훈석,
A,훈석,
A,정우,각도
A,정우,각도
A,정우,각도
A,정우,각도
A,정우,
A,정우,
A,정우,
A,정우,
A,정우,
A,정우,
A,정우,
A,정우,
A,정우,
A,정우,
A,정우,
B,훈석,
B,훈석,
B,훈석,
B,훈석,
B,훈석,
B,훈석,
B,훈석,
B,훈석,
B,훈석,
B,훈석,
B,훈석,속도 조절
B,훈석,속도 조절
B,훈석,속도 조절
B,훈석,속도 조절
B,훈석,속도 조절
B,훈석,속도 조절
B,훈석,속도 조절
B,훈석,속도 조절
B,훈석,속도 조절
B,훈석,속도 조절
B,훈석,속도 조절
B,훈석,속도 조절
B,훈석,속도 조절
B,훈석,속도 조절
B,훈석,속도 조절
B,정우,
B,정우,
B,정우,
B,정우,
B,정우,
B,정우,
B,정우,
B,정우,
B,정우,
B,정우,
B,정우,속도 조절
B,정우,속도 조절
B,정우,속도 조절
B,정우,속도 조절
B,정우,속도 조절
B,정우,속도 조절
B,정우,속도 조절
B,정우,속도 조절
B,정우,속도 조절
B,정우,속도 조절
B,정우,속도 조절
B,정우,속도 조절
B,정우,속도 조절
B,정우,속도 조절
B,정우,속도 조절
B,문민,
F,문민,
drop,문민,
drop,문민,
drop,문민,
B,문민,
B,문민,
B,문민,
B,문민,
B,문민,
B,문민,
C,문민,
B,문민,
B,문민,
B,문민,
B,문민,
B,문민,
B,문민,이쯤부터 다시한번보자
B,문민,
B,문민,
B,문민,
B,문민,
B,문민,
B,문민,
B,문민,
B,문민,
B,문민,
B,문민,
B,문민,
B,문민,
B,문민,
B,문민,
B,문민,
B,문민,
B,문민,
B,문민,
B,문민,
B,문민,
C,훈석,
C,훈석,
C,훈석,
C,훈석,
C,훈석,
C,훈석,
C,훈석,
C,훈석,
C,훈석,
C,훈석,
C,훈석,속도 조절
C,훈석,속도 조절
C,훈석,속도 조절
C,훈석,속도 조절
C,훈석,속도 조절
C,훈석,속도 조절
C,훈석,속도 조절
C,훈석,속도 조절
C,훈석,속도 조절
C,훈석,속도 조절
C,훈석,속도 조절
C,훈석,속도 조절
C,훈석,속도 조절
C,훈석,속도 조절
C,훈석,속도 조절
C,정우,
C,정우,
C,정우,
C,정우,
C,정우,
C,정우,
C,정우,
C,정우,
C,정우,
C,정우,
C,정우,속도 조절
C,정우,속도 조절
C,정우,속도 조절
C,정우,속도 조절
C,정우,속도 조절
C,정우,속도 조절
C,정우,속도 조절
C,정우,속도 조절
C,정우,속도 조절
C,정우,속도 조절
C,정우,속도 조절
C,정우,속도 조절
C,정우,속도 조절
C,정우,속도 조절
C,정우,속도 조절
F,훈석,
F,훈석,
F,훈석,
F,훈석,
F,훈석,
F,훈석,
F,훈석,
F,훈석,
F,훈석,
F,훈석,
F,훈석,
F,훈석,
F,훈석,
F,훈석,
F,훈석,
F,훈석,
F,훈석,
F,훈석,
F,훈석,
F,훈석,속도 조절
F,훈석,속도 조절
F,훈석,속도 조절
F,훈석,속도 조절
F,훈석,속도 조절
F,정우,
F,정우,
F,정우,
F,정우,
F,정우,
F,정우,
F,정우,
F,정우,
F,정우,
F,정우,
F,정우,
F,정우,
F,정우,
F,정우,
F,정우,
F,정우,속도 조절
F,정우,속도 조절
F,정우,속도 조절
F,정우,속도 조절
F,정우,속도 조절
F,정우,속도 조절
F,정우,속도 조절
F,정우,속도 조절
F,정우,속도 조절
F,정우,속도 조절
